Market,Weight
PAHO,1.870646670544554
Gavi,0.8875869647036999
AU,0.24176636475174595
