Market,Weight
PAHO,1.5419406857331817
Gavi,0.45805931426681834
